{
	"format_version": "1.8.0",
	"animations": {
		"stay": {
			"loop": true,
			"animation_length": 1.3333,
			"bones": {
				"前": {
					"scale": {
						"0.0": {
							"vector": [1, 1, 1]
						},
						"0.5": {
							"vector": [0.9, 0.9, 0.9]
						},
						"0.9167": {
							"vector": [1, 1, 1]
						}
					}
				},
				"大": {
					"scale": {
						"0.0417": {
							"vector": [1, 1, 1]
						},
						"0.7917": {
							"vector": [0.9, 0.9, 0.9]
						},
						"1.2917": {
							"vector": [1, 1, 1]
						}
					}
				},
				"後ろ": {
					"scale": {
						"0.0": {
							"vector": [1, 1, 1]
						},
						"0.5": {
							"vector": [0.8, 0.8, 0.8]
						},
						"0.9167": {
							"vector": [1, 1, 1]
						}
					}
				}
			}
		},
		"walk": {
			"loop": true,
			"animation_length": 1.8333,
			"bones": {
				"前": {
					"rotation": {
						"0.0": {
							"vector": [0, 0, 0]
						},
						"0.4167": {
							"vector": [-2.70569, 22.47741, -1.03509]
						},
						"0.9167": {
							"vector": [0, 0, 0]
						},
						"1.2917": {
							"vector": [0, -12.5, 0]
						},
						"1.625": {
							"vector": [0, 0, 0]
						}
					},
					"scale": {
						"0.4583": {
							"vector": [1, 1, 1]
						},
						"0.9167": {
							"vector": [0.9, 0.9, 0.9]
						},
						"1.4583": {
							"vector": [1, 1, 1]
						}
					}
				},
				"sinn": {
					"rotation": {
						"0.0": {
							"vector": [0, 0, 0]
						},
						"0.4167": {
							"vector": [-2.52154, 7.49282, -0.32902]
						},
						"0.75": {
							"vector": [0, 0, 0]
						},
						"1.125": {
							"vector": [0, -12.5, 0]
						},
						"1.625": {
							"vector": [0, 0, 0]
						},
						"1.8333": {
							"vector": [1.69695, -1.29563, -1.32011]
						}
					},
					"scale": {
						"0.2083": {
							"vector": [1, 1, 1]
						},
						"0.5833": {
							"vector": [0.9943, 0.7943, 0.9943]
						},
						"0.875": {
							"vector": [0.99, 0.99, 0.99]
						},
						"1.2917": {
							"vector": [1, 1, 1]
						}
					}
				},
				"大": {
					"rotation": {
						"0.125": {
							"vector": [0, 0, 0]
						},
						"0.625": {
							"vector": [-2.70569, 22.47741, -1.03509]
						},
						"1.125": {
							"vector": [0, 0, 0]
						},
						"1.5": {
							"vector": [0, -12.5, 0]
						},
						"1.8333": {
							"vector": [0, 0, 0]
						}
					},
					"scale": {
						"0.0": {
							"vector": [1, 1, 1]
						},
						"0.4583": {
							"vector": [1.1, 1.1, 1.1]
						},
						"1.0417": {
							"vector": [1, 1, 1]
						}
					}
				},
				"後ろ": {
					"rotation": {
						"0.0": {
							"vector": [0, 0, 0]
						},
						"0.5": {
							"vector": [-2.70569, 22.47741, -1.03509]
						},
						"1.0": {
							"vector": [0, 0, 0]
						},
						"1.375": {
							"vector": [0, -12.5, 0]
						},
						"1.7083": {
							"vector": [0, 0, 0]
						}
					},
					"position": {
						"vector": [0, 0, 0]
					},
					"scale": {
						"0.2083": {
							"vector": [1, 1, 1]
						},
						"0.6667": {
							"vector": [0.9, 0.9, 0.9]
						},
						"1.2083": {
							"vector": [1, 1, 1]
						}
					}
				},
				"中軸": {
					"rotation": {
						"0.0": {
							"vector": [0, 0, 0]
						},
						"0.4167": {
							"vector": [-2.70569, 22.47741, -1.03509]
						},
						"0.9167": {
							"vector": [0, 0, 0]
						},
						"1.2917": {
							"vector": [0, -12.5, 0]
						},
						"1.625": {
							"vector": [0, 0, 0]
						}
					},
					"scale": {
						"0.0": {
							"vector": [1, 1, 1]
						},
						"0.4167": {
							"vector": [0.9, 0.9, 0.9]
						},
						"0.9583": {
							"vector": [1, 1, 1]
						}
					}
				}
			}
		}
	},
	"geckolib_format_version": 2
}