{
	"format_version": "1.8.0",
	"animations": {
		"stay": {
			"animation_length": 5.25,
			"bones": {
				"dou2": {
					"rotation": {
						"0.0": {
							"vector": [0, 0, 0]
						},
						"0.7083": {
							"vector": [0, 0, 15.5]
						},
						"1.1667": {
							"vector": [0, 0, 0]
						},
						"2.5833": {
							"vector": [0, 0, 25]
						},
						"3.0": {
							"vector": [0, 0, 0]
						},
						"4.125": {
							"vector": [0, 0, 7.5]
						},
						"5.0": {
							"vector": [0, 0, 0]
						}
					}
				},
				"ha3": {
					"rotation": {
						"0.0": {
							"vector": [0, 0, 0]
						},
						"0.7083": {
							"vector": [-15, 0, -52.5]
						},
						"1.25": {
							"vector": [0, 0, 0]
						},
						"2.5833": {
							"vector": [17.5, 0, -55]
						},
						"3.0833": {
							"vector": [0, 0, 0]
						},
						"4.125": {
							"vector": [-5.17544, -14.94159, -51.1622]
						},
						"5.0": {
							"vector": [0, 0, 0]
						}
					}
				},
				"ha2": {
					"rotation": {
						"0.0": {
							"vector": [0, 0, 0]
						},
						"0.7083": {
							"vector": [20.28592, 9.80155, 45.03987]
						},
						"1.25": {
							"vector": [0, 0, 0]
						},
						"2.5833": {
							"vector": [24.85843, 3.92311, 54.13652]
						},
						"3.0833": {
							"vector": [0, 0, 0]
						},
						"4.125": {
							"vector": [0, 10, 17.5]
						},
						"5.0": {
							"vector": [0, 0, 0]
						}
					}
				},
				"ha1": {
					"rotation": {
						"0.0": {
							"vector": [0, 0, 0]
						},
						"0.7083": {
							"vector": [0, 0, -7.5]
						},
						"1.25": {
							"vector": [0, 0, 0]
						},
						"2.5833": {
							"vector": [0, 0, -13]
						},
						"3.0833": {
							"vector": [0, 0, 0]
						},
						"4.125": {
							"vector": [0, 0, -20]
						},
						"5.0": {
							"vector": [0, 0, 0]
						}
					}
				},
				"ha5": {
					"rotation": {
						"0.0": {
							"vector": [0, 0, 0]
						},
						"0.7083": {
							"vector": [0, 0, 12.5]
						},
						"1.2083": {
							"vector": [0, 0, 0]
						},
						"2.5833": {
							"vector": [1.30962, 7.38542, 10.08453]
						},
						"3.0417": {
							"vector": [0, 0, 0]
						},
						"4.125": {
							"vector": [-0.87428, -12.71412, 15.37124]
						},
						"5.0": {
							"vector": [0, 0, 0]
						}
					}
				},
				"ha4": {
					"rotation": {
						"0.0": {
							"vector": [0, 0, 0]
						},
						"0.7083": {
							"vector": [22.5, 0, 0]
						},
						"1.2083": {
							"vector": [0, 0, 0]
						},
						"2.5833": {
							"vector": [-13.56003, -14.61863, 3.5328]
						},
						"3.0417": {
							"vector": [0, 0, 0]
						},
						"4.125": {
							"vector": [-7.5, -10, 0]
						},
						"4.9583": {
							"vector": [0, 0, 0]
						}
					}
				},
				"taya2": {
					"rotation": {
						"0.0": {
							"vector": [0, 0, 0]
						},
						"0.4167": {
							"vector": [13.23483, 10.71469, 2.50372]
						},
						"1.125": {
							"vector": [-38.09276, 55.91763, -32.90826]
						},
						"1.9167": {
							"vector": [16.21035, -16.59274, 13.61262]
						},
						"2.875": {
							"vector": [-25.26429, 5.98774, 2.76437]
						},
						"4.25": {
							"vector": [136.71178, 42.78653, 77.84137]
						},
						"4.75": {
							"vector": [161.75695, 56.0894, 151.98647]
						},
						"5.2083": {
							"vector": [0, 0, 0]
						}
					}
				},
				"tuta1": {
					"rotation": {
						"0.0": {
							"vector": [0, 0, 0]
						},
						"0.75": {
							"vector": [-77.41699, 9.21697, 4.5719]
						},
						"1.25": {
							"vector": [-103.40117, 39.16444, -32.79569]
						},
						"2.125": {
							"vector": [16.84722, 53.39459, 33.96246]
						},
						"2.75": {
							"vector": [46.52901, 33.94921, 75.39738]
						},
						"4.1667": {
							"vector": [-57.92347, -21.59901, 39.93267]
						},
						"4.625": {
							"vector": [-24.77626, 5.09751, 2.9525]
						},
						"5.2083": {
							"vector": [0, 0, 0]
						}
					}
				},
				"2-2": {
					"rotation": {
						"0.0": {
							"vector": [0, 0, 0]
						},
						"0.5417": {
							"vector": [-47.70752, 49.06703, 22.08403]
						},
						"0.9167": {
							"vector": [15.49813, 0.26332, 85.48633]
						},
						"1.8333": {
							"vector": [79.24446, 58.49858, 238.51138]
						},
						"2.9167": {
							"vector": [161.84257, -51.30701, 76.48489]
						},
						"4.25": {
							"vector": [-62.08051, -13.7201, 232.75943]
						},
						"5.2083": {
							"vector": [0, 0, 0]
						}
					}
				},
				"1-2": {
					"rotation": {
						"0.0": {
							"vector": [0, 0, 0]
						},
						"0.9167": {
							"vector": [-24, 38, 0]
						},
						"1.875": {
							"vector": [-61.60885, -68.63338, 75.19841]
						},
						"2.25": {
							"vector": [-89.10885, -68.63338, 75.19841]
						},
						"3.1667": {
							"vector": [-5.80253, -19.93087, -24.44995]
						},
						"4.375": {
							"vector": [-6.64612, 34.79338, -30.23785]
						},
						"4.875": {
							"vector": [15.85388, 34.79338, -30.23785]
						},
						"5.2083": {
							"vector": [0, 0, 0]
						}
					}
				},
				"tuta3": {
					"rotation": {
						"0.0": {
							"vector": [0, 0, 0]
						},
						"0.75": {
							"vector": [-54.3735, -14.7162, 14.43272]
						},
						"1.6667": {
							"vector": [-62.07282, -38.07591, 80.1745]
						},
						"2.0": {
							"vector": [-37.07282, -38.07591, 80.1745]
						},
						"2.3333": {
							"vector": [-50.1936, -27.9227, 63.10961]
						},
						"2.6667": {
							"vector": [-44.34787, -35.33581, 71.00562]
						},
						"2.9583": {
							"vector": [-27.02822, 35.83185, 38.05971]
						},
						"3.7917": {
							"vector": [-58.18809, -36.04261, 83.41668]
						},
						"4.125": {
							"vector": [-35.13101, -14.5923, 55.12513]
						},
						"4.5417": {
							"vector": [-12.84154, -11.66874, 26.80564]
						},
						"5.2083": {
							"vector": [0, 0, 0]
						}
					}
				},
				"3-2": {
					"rotation": {
						"0.0": {
							"vector": [0, 0, 0]
						},
						"0.5833": {
							"vector": [28.62702, -15.46973, -8.28342]
						},
						"1.25": {
							"vector": [14.08614, 15.27535, 32.51497]
						},
						"1.625": {
							"vector": [32.68469, 14.69064, 31.27036]
						},
						"2.0833": {
							"vector": [3.57243, -13.70824, 13.02886]
						},
						"2.4167": {
							"vector": [-38.09998, -6.1345, 19.65784]
						},
						"3.0": {
							"vector": [5.69217, -9.63282, 9.15542]
						},
						"3.5": {
							"vector": [-10.71752, -2.38662, 36.73976]
						},
						"4.0": {
							"vector": [43.74672, -25.08088, 7.07362]
						},
						"4.8333": {
							"vector": [42.93654, -41.93302, -25.61329]
						},
						"5.1667": {
							"vector": [0, 0, 0]
						}
					}
				},
				"mi": {
					"rotation": {
						"0.0": {
							"vector": [0, 0, 0]
						},
						"0.8333": {
							"vector": [-6.36343, 3.07933, -48.38966]
						},
						"1.25": {
							"vector": [0, 0, 20]
						},
						"2.6667": {
							"vector": [-0.1663, -13.59034, -18.02426]
						},
						"3.0833": {
							"vector": [0, 0, 20]
						},
						"4.2083": {
							"vector": [-2.52154, 7.49282, -41.32902]
						},
						"5.125": {
							"vector": [0, 0, 17.5]
						},
						"5.2083": {
							"vector": [0, 0, 0]
						}
					}
				},
				"mi2": {
					"rotation": {
						"0.0": {
							"vector": [0, 0, 0]
						},
						"0.7917": {
							"vector": [5.67385, -9.68348, -45.44247]
						},
						"1.2917": {
							"vector": [0, 0, 17.5]
						},
						"2.5833": {
							"vector": [10.68269, -41.77921, -70.41493]
						},
						"3.0833": {
							"vector": [0, 0, 0]
						},
						"4.2083": {
							"vector": [12.92657, 6.20572, -61.14309]
						},
						"5.0833": {
							"vector": [-2.94884, -16.74998, 27.7428]
						},
						"5.2083": {
							"vector": [0, 0, 0]
						}
					}
				},
				"mi3": {
					"rotation": {
						"0.0": {
							"vector": [0, 0, 0]
						},
						"0.7083": {
							"vector": [-63.83318, 2.49131, -59.88616]
						},