{
	"format_version": "1.8.0",
	"animations": {
		"stay": {
			"animation_length": 5.25,
			"bones": {
				"1": {
					"rotation": {
						"0.0": {
							"vector": [0, 0, 0]
						},
						"0.4583": {
							"vector": [-82.40999, 15.81499, -63.94427]
						},
						"1.3333": {
							"vector": [-19.96029, -71.79967, -82.16371]
						},
						"2.0": {
							"vector": [138.58572, 73.39725, 220.09531]
						},
						"2.9583": {
							"vector": [-21.22477, 14.82587, 83.22316]
						},
						"3.875": {
							"vector": [-204.75614, 24.34716, -87.26354]
						},
						"4.625": {
							"vector": [-50.34005, 4.52951, 24.66606]
						},
						"5.2083": {
							"vector": [0, 0, 0]
						}
					}
				},
				"2": {
					"rotation": {
						"0.5417": {
							"vector": [-32.5, 0, 0]
						},
						"1.4583": {
							"vector": [45.54931, -21.24789, -6.82505]
						},
						"2.5417": {
							"vector": [-113.33883, -47.26804, 95.56244]
						},
						"3.6667": {
							"vector": [-57.57788, 22.94756, -44.57755]
						},
						"4.875": {
							"vector": [-80.07788, 22.94756, -44.57755]
						},
						"5.2083": {
							"vector": [-32.5, 0, 0]
						}
					}
				},
				"dou2": {
					"rotation": {
						"0.0": {
							"vector": [0, 0, 0]
						},
						"0.7083": {
							"vector": [0, 0, 10]
						},
						"1.1667": {
							"vector": [0, 0, 0]
						},
						"2.5833": {
							"vector": [0, 0, 20]
						},
						"3.0": {
							"vector": [0, 0, 0]
						},
						"4.125": {
							"vector": [0, 0, 7.5]
						},
						"5.0": {
							"vector": [0, 0, 0]
						}
					}
				},
				"ha3": {
					"rotation": {
						"0.0": {
							"vector": [0, 0, 0]
						},
						"0.7083": {
							"vector": [-15, 0, -52.5]
						},
						"1.25": {
							"vector": [0, 0, 0]
						},
						"2.5833": {
							"vector": [17.5, 0, -55]
						},
						"3.0833": {
							"vector": [0, 0, 0]
						},
						"4.125": {
							"vector": [-5.17544, -14.94159, -51.1622]
						},
						"5.0": {
							"vector": [0, 0, 0]
						}
					}
				},
				"ha2": {
					"rotation": {
						"0.0": {
							"vector": [0, 0, 0]
						},
						"0.7083": {
							"vector": [20.28592, 9.80155, 45.03987]
						},
						"1.25": {
							"vector": [0, 0, 0]
						},
						"2.5833": {
							"vector": [24.85843, 3.92311, 54.13652]
						},
						"3.0833": {
							"vector": [0, 0, 0]
						},
						"4.125": {
							"vector": [0, 10, 17.5]
						},
						"5.0": {
							"vector": [0, 0, 0]
						}
					}
				},
				"ha1": {
					"rotation": {
						"0.0": {
							"vector": [0, 0, 0]
						},
						"0.7083": {
							"vector": [0, 0, -27.5]
						},
						"1.25": {
							"vector": [0, 0, 0]
						},
						"2.5833": {
							"vector": [0, 0, -45]
						},
						"3.0833": {
							"vector": [0, 0, 0]
						},
						"4.125": {
							"vector": [0, 0, -20]
						},
						"5.0": {
							"vector": [0, 0, 0]
						}
					}
				},
				"ha5": {
					"rotation": {
						"0.0": {
							"vector": [0, 0, 0]
						},
						"0.7083": {
							"vector": [0, 0, 12.5]
						},
						"1.2083": {
							"vector": [0, 0, 0]
						},
						"2.5833": {
							"vector": [1.30962, 7.38542, 10.08453]
						},
						"3.0417": {
							"vector": [0, 0, 0]
						},
						"4.125": {
							"vector": [-0.87428, -12.71412, 15.37124]
						},
						"5.0": {
							"vector": [0, 0, 0]
						}
					}
				},
				"ha4": {
					"rotation": {
						"0.0": {
							"vector": [0, 0, 0]
						},
						"0.7083": {
							"vector": [22.5, 0, 0]
						},
						"1.2083": {
							"vector": [0, 0, 0]
						},
						"2.5833": {
							"vector": [-13.56003, -14.61863, 3.5328]
						},
						"3.0417": {
							"vector": [0, 0, 0]
						},
						"4.125": {
							"vector": [-7.5, -10, 0]
						},
						"4.9583": {
							"vector": [0, 0, 0]
						}
					}
				},
				"taya2": {
					"rotation": {
						"0.0": {
							"vector": [0, 0, 0]
						},
						"0.5": {
							"vector": [-23.34288, -30.32448, 12.2921]
						},
						"1.25": {
							"vector": [22.30998, 25.71543, 10.09541]
						},
						"1.75": {
							"vector": [28.34586, 60.98425, 28.80722]
						},
						"2.25": {
							"vector": [67.31883, 25.46727, 30.28523]
						},
						"3.75": {
							"vector": [15.59284, -0.94945, 22.3834]
						},
						"4.2083": {
							"vector": [35.59284, -0.94945, 22.3834]
						},
						"5.1667": {
							"vector": [0, 0, 0]
						}
					}
				},
				"tuta1": {
					"rotation": {
						"0.0": {
							"vector": [0, 0, 0]
						},
						"0.375": {
							"vector": [-61.20211, -51.37417, 66.75878]
						},
						"0.875": {
							"vector": [58.98406, 48.74363, 91.22356]
						},
						"1.3333": {
							"vector": [132.05973, 40.43035, 184.1686]
						},
						"1.75": {
							"vector": [17.3534, 47.19936, 27.23747]
						},
						"2.7083": {
							"vector": [-35.81807, 15.47741, -16.475]
						},
						"3.7917": {
							"vector": [60.2659, 2.45877, -41.05986]
						},
						"4.625": {
							"vector": [9.8009, -13.87967, -13.92555]
						},
						"5.1667": {
							"vector": [0, 0, 0]
						}
					}
				}
			}
		}
	},
	"geckolib_format_version": 2
}