{
	"format_version": "1.8.0",
	"animations": {
		"stay": {
			"animation_length": 5.25,
			"bones": {
				"dou2": {
					"rotation": {
						"0.0": {
							"vector": [0, 0, 0]
						},
						"0.7083": {
							"vector": [0, 0, 10]
						},
						"1.1667": {
							"vector": [0, 0, 0]
						},
						"2.5833": {
							"vector": [0, 0, 20]
						},
						"3.0": {
							"vector": [0, 0, 0]
						},
						"4.125": {
							"vector": [0, 0, 7.5]
						},
						"4.9583": {
							"vector": [0, 0, 0]
						}
					}
				},
				"ha3": {
					"rotation": {
						"0.0": {
							"vector": [0, 0, 0]
						},
						"0.7083": {
							"vector": [-15, 0, -52.5]
						},
						"1.25": {
							"vector": [0, 0, 0]
						},
						"2.5833": {
							"vector": [17.5, 0, -55]
						},
						"3.0833": {
							"vector": [0, 0, 0]
						},
						"4.125": {
							"vector": [-5.17544, -14.94159, -51.1622]
						},
						"5.0": {
							"vector": [0, 0, 0]
						}
					}
				},
				"ha2": {
					"rotation": {
						"0.0": {
							"vector": [0, 0, 0]
						},
						"0.7083": {
							"vector": [20.28592, 9.80155, 45.03987]
						},
						"1.25": {
							"vector": [0, 0, 0]
						},
						"2.5833": {
							"vector": [24.85843, 3.92311, 54.13652]
						},
						"3.0833": {
							"vector": [0, 0, 0]
						},
						"4.125": {
							"vector": [0, 10, 17.5]
						},
						"5.0": {
							"vector": [0, 0, 0]
						}
					}
				},
				"ha1": {
					"rotation": {
						"0.0": {
							"vector": [0, 0, 0]
						},
						"0.7083": {
							"vector": [0, 0, -27.5]
						},
						"1.25": {
							"vector": [0, 0, 0]
						},
						"2.5833": {
							"vector": [0, 0, -45]
						},
						"3.0833": {
							"vector": [0, 0, 0]
						},
						"4.125": {
							"vector": [0, 0, -20]
						},
						"5.0": {
							"vector": [0, 0, 0]
						}
					}
				}
			}
		}
	},
	"geckolib_format_version": 2
}