{
	"format_version": "1.8.0",
	"animations": {
		"walk": {
			"animation_length": 1.25,
			"bones": {
				"migiude": {
					"rotation": {
						"0.0": {
							"vector": [0, 0, 0]
						},
						"0.5833": {
							"vector": [-60, 0, 0]
						},
						"0.7083": {
							"vector": [-90, 0, 0]
						},
						"1.25": {
							"vector": [0.02154, 7.49282, 0.32902]
						}
					}
				},
				"hidariude": {
					"rotation": {
						"0.0": {
							"vector": [0, 0, 0]
						},
						"0.1667": {
							"vector": [20, 0, 0]
						},
						"0.4583": {
							"vector": [-22.5, 0, 0]
						},
						"0.5417": {
							"vector": [-55, 0, 0]
						},
						"0.75": {
							"vector": [-67.5, 0, 0]
						},
						"0.875": {
							"vector": [-92.96497, -9.98688, 0.51464]
						},
						"1.25": {
							"vector": [-2.5, 0, 0]
						}
					}
				},
				"atama": {
					"rotation": {
						"0.0": {
							"vector": [0, 0, 0]
						},
						"0.0833": {
							"vector": [0.43688, 4.98093, 5.019]
						},
						"0.125": {
							"vector": [5.019, 4.98093, 0.43688]
						},
						"0.2083": {
							"vector": [0, 7.5, -5]
						},
						"0.2917": {
							"vector": [-5, 0, 5]
						},
						"0.4167": {
							"vector": [-6.7466, 2.10723, -22.84266]
						},
						"0.5417": {
							"vector": [-0.019, 4.98093, 4.56312]
						},
						"0.7083": {
							"vector": [-7.82441, -9.88812, 4.08054]
						},
						"0.7917": {
							"vector": [-5.45266, 2.09249, -2.05375]
						},
						"1.25": {
							"vector": [-2.7476, 0.06199, 3.04848]
						}
					}
				},
				"hidariashi": {
					"rotation": {
						"0.0": {
							"vector": [0, 0, 0]
						},
						"0.2083": {
							"vector": [15, 0, 0]
						},
						"0.375": {
							"vector": [5, 0, 0]
						},
						"0.4583": {
							"vector": [32.5, 0, 0]
						},
						"0.5": {
							"vector": [0, 0, 0]
						},
						"0.625": {
							"vector": [-27.5, 0, 0]
						},
						"1.0833": {
							"vector": [-7.56397, 7.43547, -0.98448]
						},
						"1.25": {
							"vector": [-0.08447, -0.05783, -1.30235]
						}
					}
				},
				"migiashi": {
					"rotation": {
						"0.0": {
							"vector": [0, 0, 0]
						},
						"0.25": {
							"vector": [-20, 0, 0]
						},
						"0.375": {
							"vector": [-2.5, 0, 0]
						},
						"0.4583": {
							"vector": [-47.5, 0, 0]
						},
						"0.5": {
							"vector": [0, 0, 0]
						},
						"0.625": {
							"vector": [27.5, 0, 0]
						},
						"1.0": {
							"vector": [0, 0, 0]
						},
						"1.1667": {
							"vector": [1.5741, 17.43127, 5.24133]
						},
						"1.25": {
							"vector": [-0.7901, 0.29535, -0.21438]
						}
					}
				}
			}
		},
		"stay": {
			"animation_length": 1.5,
			"bones": {
				"migiude": {
					"rotation": {
						"0.0": {
							"vector": [0, 0, 0]
						},
						"0.25": {
							"vector": [-25.18908, 6.79382, -3.18458]
						},
						"0.375": {
							"vector": [0, 0, 0]
						},
						"0.625": {
							"vector": [0, -19, 0]
						},
						"0.6667": {
							"vector": [0, -1.61, 0]
						},
						"1.0": {
							"vector": [0, 2.5, 0]
						},
						"1.0417": {
							"vector": [0, 0, 0]
						},
						"1.0833": {
							"vector": [0, 10, 0]
						},
						"1.1667": {
							"vector": [0, 2.5, 0]
						},
						"1.25": {
							"vector": [0, 0, 0]
						}
					},
					"position": {
						"0.0": {
							"vector": [0, 0, 0]
						},
						"0.2917": {
							"vector": [0, 0.75, 0]
						},
						"0.4167": {
							"vector": [0, 0, 0]
						},
						"0.5417": {
							"vector": [0, 0.5, 0]
						},
						"0.75": {
							"vector": [0, 0, 0]
						},
						"0.9167": {
							"vector": [0, 0.75, 0]
						},
						"1.25": {
							"vector": [0, 0, 0]
						}
					}
				},
				"hidariude": {
					"rotation": {
						"0.0": {
							"vector": [0, 0, 0]
						},
						"0.25": {
							"vector": [-7.5, 0, 0]
						},
						"0.375": {
							"vector": [0, 0, 0]
						},
						"0.5833": {
							"vector": [12.45392, -1.08089, 4.88206]
						},
						"0.625": {
							"vector": [0, 0, 0]
						},
						"0.8333": {
							"vector": [-7.56397, 7.43547, -0.98448]
						},
						"1.0417": {
							"vector": [-13.44909, -9.21452, 6.3392]
						},
						"1.125": {
							"vector": [0.34304, -5.33735, -1.11474]
						},
						"1.25": {
							"vector": [0.32651, -0.35202, 1.41516]
						}
					},
					"position": {
						"0.0": {
							"vector": [0, 0, 0]
						},
						"0.2917": {
							"vector": [0, 0.75, 0]
						},
						"0.4167": {
							"vector": [0, 0, 0]
						},
						"0.5417": {
							"vector": [0, 0.5, 0]
						},
						"0.75": {
							"vector": [0, 0, 0]
						},
						"0.9167": {
							"vector": [0, 0.75, 0]
						},
						"1.25": {
							"vector": [0, 0, 0]
						}
					}
				},
				"atama": {
					"rotation": {
						"0.0": {
							"vector": [0, 0, 0]
						},
						"0.1667": {
							"vector": [-7.5, 0, 0]
						},
						"0.25": {
							"vector": [-12.5, 0, 0]
						},
						"0.3333": {
							"vector": [-5, 0, 0]
						},
						"0.5417": {
							"vector": [-10, 0, 0]
						},
						"0.6667": {
							"vector": [-7.50933, 2.462, -0.43439]
						},
						"0.7083": {
							"vector": [-7.53088, -4.97368, 0.54672]
						},
						"0.75": {
							"vector": [-8.11161, 22.28042, -3.2031]
						},
						"0.8333": {
							"vector": [-7.53088, -4.97368, 0.54672]
						},
						"0.9167": {
							"vector": [-2.9224, 3.12796, 4.48375]
						},
						"1.0417": {
							"vector": [-0.56291, 3.32446, 1.98753]
						},
						"1.25": {
							"vector": [-0.59745, 0.79928, -0.48804]
						}
					},
					"position": {
						"0.0": {
							"vector": [0, 0, 0]
						},
						"0.1667": {
							"vector": [0, -0.25, 0]
						},
						"0.3333": {
							"vector": [0, 0, 0]
						},
						"0.5417": {
							"vector": [0, -0.25, 0]
						},
						"0.6667": {
							"vector": [0, 0, 0]
						}
					}
				},
				"hidariashi": {
					"rotation": {
						"0.0": {
							"vector": [0, 0, 0]
						},
						"0.625": {
							"vector": [0, 0, -5]
						},
						"0.75": {
							"vector": [0, 0, 0]
						},
						"1.2083": {
							"vector": [0, 7.5, 0]
						},
						"1.2917": {
							"vector": [0, 0, 0]
						}
					}
				},
				"migiashi": {
					"rotation": {
						"0.0": {
							"vector": [0, 0, 0]
						},
						"0.3333": {
							"vector": [0, 5, 0]
						},
						"0.4167": {
							"vector": [0, 0, 0]
						},
						"0.4583": {
							"vector": [0, 10, 0]
						},
						"0.5": {
							"vector": [0, 0, 0]
						}
					}
				},
				"dou": {
					"position": {
						"0.0": {
							"vector": [0, 0, 0]
						},
						"0.25": {
							"vector": [0, 0.25, 0]
						},
						"0.375": {
							"vector": [0, 0, 0]
						},
						"0.5417": {
							"vector": [0, 0.25, 0]
						},
						"0.75": {
							"vector": [0, 0, 0]
						},
						"0.9167": {
							"vector": [0, 0.25, 0]
						},
						"1.1667": {
							"vector": [0, 0, 0]
						}
					}
				}
			}
		}
	},
	"geckolib_format_version": 2
}